Timestamp,1. Age,2.  Gender:,3. Nationality:,4. How long have you lived in Nigeria? (For Cameroonian refugees only),Ko5. How long have you been in this community since Cameroonians came (Nigerians only)? ,"
6. What was the primary reason for leaving Cameroon?",7.  Did you come to Nigeria alone or with family?,8. Do you feel safe in your current location?,9.  Have you or someone you know experienced security threats or conflicts in Nigeria?,10. Have there been any reported incidents of crime or violence involving refugees and local communities?,11. How would you describe the relationship between Cameroonian refugees and Nigerians?,12. What are the major security concerns faced by Cameroonian refugees in Nigeria?,13.  What are the major security concerns faced by Nigerians as a result of the presence of refugees? (Nigerians Only),"14. Are there opportunities for Cameroonian refugees to integrate into Nigerian society (e.g., work, education, social support)?",15.What support do you think the Nigerian government should provide to both refugees and host communities to improve security?,16. Do you have any recommendations on how to improve relations between Cameroonian refugees and Nigerians?
1/28/2026 16:49:03,B) 26-35,A) Male,A) Cameroonian,D) More than 6 years,6 years ,B) Economic hardship,B) With family,B) No (If no explain below),A) Yes,A) Yes,B) Neutral,C) Economic exploitation,Constant stealing of farm produce by refugees,B) NO (If No select Other and explain),A) More security presence,I suggest join security operatives between host community and refugees 
1/28/2026 17:04:44,B) 26-35,B) Female,A) Cameroonian,D) More than 6 years,About 7years,A) Conflict/Insecurity,B) With family,A) Yes,B) NO,B) No,B) Neutral,A) Harassment by security forces,None ,B) NO (If No select Other and explain),B) Livelihood programs,Identity cards should be issued to reduce harassment by security forces and immigration officers 
1/28/2026 17:19:32,B) 26-35,A) Male,A) Cameroonian,D) More than 6 years,7 years,A) Conflict/Insecurity,B) With family,A) Yes,B) NO,B) No,B) Neutral,A) Harassment by security forces,"Increase in population of the country leading to the rapid consumption of available consumer goods. Think phenomenon could cause a long term scarcity of raw materials to keep the economy in equilibrium. Consequently, inflation and general poverty erupt.",A) Yes,B) Livelihood programs,I recommend Cameroonians(Refugees) be given political liberty since they are affected by governmental policies at all tiers of the government.
1/28/2026 17:42:15,B) 26-35,A) Male,A) Cameroonian,D) More than 6 years,2018,A) Conflict/Insecurity,B) With family,B) No (If no explain below),A) Yes,A) Yes,C) Tense,B) Attacks by locals,Tense ,A) Yes,B) Livelihood programs,"The security post should be put in place around the closest host community because they are the once bringing problems to refugees and their threats are causing us the refugee's to know that we are not safe for example a situation where a girl of about 15-16 years was nearly repeat by the host community guys and after refugees came out to reiterate, the next day the lives of some of us refugees were not gallanty so we have to escape for a moment and with the pressure from the host community the girl was forced to refuse that they was not any act like that just for her safety."
1/28/2026 18:43:02,D) 46-60,A) Male,A) Cameroonian,D) More than 6 years,I am Cameroonian refugee,C) Political persecution,B) With family,B) No (If no explain below),A) Yes,A) Yes,B) Neutral,"Besides Harrassment by security forces,we also have attacks on refugees and refugee communities by locals. There's is also economic exploitation.Refugees also face accommodation problems and food challenges.",I am Cameroonian ,The Nigerian Government besides opportunities for refugee integration should also without delay issue CTDs to these refugees upon request.,A) More security presence,"Yes. . Recommendations for Improving Relations Between Cameroonian Refugees and Host Communities in Nigeria
(Refugee-centred, protection-oriented approach)
1. Maintain clear recognition of refugee status and protection needs
Efforts at social cohesion must not blur the legal distinction between refugees and host populations.
Recommendations
All interventions should explicitly acknowledge refugees as persons in need of international protection, in line with the 1951 Refugee Convention and Nigeria’s obligations.
Avoid language or programming that suggests parity of vulnerability where none exists.
Host community inclusion should be complementary, not substitutive, to refugee protection.
 Coexistence must not come at the cost of protection.
2. Promote coexistence through contact—not competition
Tensions arise when host communities perceive refugees as rivals rather than neighbours.
Recommendations
Design activities that encourage interaction and mutual understanding, not competition for aid.
Avoid direct resource comparisons (e.g. cash values, food rations) between refugees and hosts.
Focus on community-level peacebuilding, rather than economic equalization narratives.
 Integration should foster acceptance, not claims of shared displacement.
3. Safeguard refugee livelihoods while minimizing friction
Refugees must be allowed to survive with dignity without being framed as economic threats.
Recommendations
Support refugee livelihoods within existing legal frameworks, particularly in the informal sector.
Encourage non-zero-sum economic models (service provision, value chains) rather than direct job substitution.
Address exploitative labour practices affecting refugees without framing hosts as victims.
 Refugee self-reliance is a right, not a privilege granted by hosts.
4. Use community dialogue to prevent resentment—not to renegotiate rights
Dialogue should strengthen understanding, not reopen settled legal principles.
Recommendations
Facilitate dialogue forums focused on peaceful coexistence and misinformation correction, not entitlement debates.
Ensure refugee voices are represented as rights-holders, not supplicants.
Prevent forums from becoming platforms for host claims over humanitarian assistance.
 Dialogue must clarify boundaries as well as build bridges.
5. Prioritize refugee access to services, with proportional host support
Service pressure is real—but responsibility lies with the State and partners, not refugees.
Recommendations
Guarantee refugee access to education, healthcare, and documentation as primary obligations.
Provide targeted support to overstretched public services without framing this as refugee-driven burden.
Avoid parallel service demands that portray hosts as equally displaced.
 Support systems should absorb impact, not shift blame.
6. Strengthen refugee protection, safety, and legal access
Security and justice are central to peaceful coexistence.
Recommendations
Train law enforcement on refugee protection standards and non-refoulement.
Establish refugee-specific complaint and redress mechanisms.
Address harassment, arbitrary arrest, and discrimination against refugees decisively.
⚖️ Protection failures breed tension more than presence does.
7. Counter harmful narratives without legitimizing exclusion
Narratives matter—but responses must not validate xenophobia.
Recommendations
Challenge stereotypes portraying refugees as criminals or economic drains.
Highlight refugee contributions without using contribution as a condition for acceptance.
Reject narratives that suggest refugees must “earn” protection.
 Rights are not performance-based.
8. Preserve humanitarian principles in community programming
Humanitarian assistance must remain needs-based.
Recommendations
Ensure aid allocation is guided by vulnerability assessments, not local pressure.
Protect humanitarian actors from demands to reclassify host populations as refugees or “refugee-like.”
Maintain clear eligibility criteria and transparent communication.
Neutrality and impartiality are non-negotiable.
9. Address urban tensions without eroding refugee protections
Urban coexistence requires regulation—not restriction.
Recommendations
Prevent discriminatory housing practices against refugees.
Monitor informal documentation requirements that exclude refugees.
Intervene against forced evictions or rent exploitation targeting refugees.
Cities must not become zones of silent exclusion.
10. Anchor coexistence in law, dignity, and responsibility
Solidarity cannot replace obligation.
Recommendations
Frame coexistence within State responsibility, international law, and regional protection frameworks.
Emphasize that refugee presence is a consequence of conflict, not a voluntary migration choice.
Promote dignity without implying equivalence of status or risk.
Closing note (for policy or advocacy use)
Improving relations between refugees and host communities must strengthen protection, not renegotiate it. Social cohesion strategies succeed only when they respect the asymmetry of vulnerability and uphold the non-derogable rights of refugees under international and domestic law."
1/28/2026 19:22:25,B) 26-35,B) Female,A) Cameroonian,D) More than 6 years,8 years ,A) Conflict/Insecurity,B) With family,The host community is becoming very hostile ,A) Yes,A) Yes,B) Neutral,B) Attacks by locals,Economic threat ,A) Yes,B) Livelihood programs,We will integrate with the host communities and try to leave in one. 
1/28/2026 20:19:25,D) 46-60,A) Male,A) Cameroonian,D) More than 6 years,Eight years ,A) Conflict/Insecurity,B) With family,A) Yes,A) Yes,B) No,A) Friendly,A) Harassment by security forces,In adequate resources like accommodation in the border communities. Thus incredible rise in rents.,A) Yes,B) Livelihood programs,Yes. The police and the immigration officers should stop harassing refugees who are in possession of their UNHCR ID cards. Secondly they shouldn't also harass and extort those fleeing into Nigeria rather they should help them to find help from UNHCR and NCFRMI. Most times they face intimidation and extortion for lack of legal papers to enter Nigeria. They are not migrants and shouldn't be treated as such.
1/29/2026 11:49:25,A) 18-25,B) Female,B) Nigerian,D) More than 6 years, Two years before Cameroonians came to Nigeria ,A) Conflict/Insecurity,B) With family,B) No (If no explain below),A) Yes,A) Yes,B) Neutral,B) Attacks by locals,SEMA ,A) Yes,B) Livelihood programs,Let the two countries be in a good relationship with each other 
1/29/2026 14:09:46,B) 26-35,B) Female,A) Cameroonian,D) More than 6 years,13 years,A) Conflict/Insecurity,B) With family,Security threai,A) Yes,A) Yes,B) Neutral,B) Attacks by locals,Arguments and fights ,A) Yes,C) Community sensitization,Preach love and peace 
1/29/2026 16:03:11,B) 26-35,B) Female,A) Cameroonian,D) More than 6 years,8years,A) Conflict/Insecurity,B) With family,B) No (If no explain below),A) Yes,A) Yes,A) Friendly,A) Harassment by security forces,arrestment on the road ,partially ,B) Livelihood programs,interaction have meetings always with they Host community and the refugee discussing more or challenges aspect 
1/29/2026 16:25:23,B) 26-35,B) Female,B) Nigerian,,6 years,,,A) Yes,A) Yes,A) Yes,B) Neutral,B) Attacks by locals,Theft,A) Yes,B) Livelihood programs,None
1/29/2026 16:27:04,B) 26-35,A) Male,B) Nigerian,D) More than 6 years,7,,,A) Yes,B) NO,A) Yes,B) Neutral,A) Harassment by security forces,A risk of a spillover of the crisis into Nigeria,A) Yes,A) More security presence,Not really
1/29/2026 18:05:26,D) 46-60,A) Male,A) Cameroonian,D) More than 6 years,For 7years,A) Conflict/Insecurity,B) With family,A) Yes,B) NO,A) Yes,A) Friendly,C) Economic exploitation,,A) Yes,B) Livelihood programs,Nigerians should be made to understand that refugees was a creation as a result of conflicts not a course
1/29/2026 18:12:38,C) 36-45,B) Female,A) Cameroonian,C) 4-6 years,4years,A) Conflict/Insecurity,B) With family,A) Yes,A) Yes,A) Yes,A) Friendly,C) Economic exploitation,Nigerians see us as sex workers we are not respected,Sometimes but are often sexually harassed,B) Livelihood programs,Creat a confusing atmosphere for mutual co habitation
1/29/2026 20:44:31,B) 26-35,A) Male,A) Cameroonian,D) More than 6 years,,A) Conflict/Insecurity,B) With family,A) Yes,A) Yes,A) Yes,A) Friendly,A) Harassment by security forces,,A) Yes,B) Livelihood programs,"Yes. integration activities such as livelihood programs combined. football games, sensitization "
1/30/2026 9:07:54,B) 26-35,A) Male,A) Cameroonian,B) 1-3 years,,A) Conflict/Insecurity,A) Alone,A) Yes,B) NO,A) Yes,B) Neutral,C) Economic exploitation,,A) Yes,B) Livelihood programs,Nigerian should always remember southern Cameroonian are their brothers. 
1/30/2026 9:29:58,C) 36-45,B) Female,B) Nigerian,,7 years,,,A) Yes,A) Yes,A) Yes,A) Friendly,Coexistence and free will to work like the indigenes,Human right injustice,"Work is still an issue, Cameroonian refugees generally are allowed to do labourers work, but allowing them involve in white collar jobs is still an issue for them",B) Livelihood programs,Continuous sensitization awareness by the authority on the importance of coexistence and integration into the society at all levels is one.
1/30/2026 9:36:58,D) 46-60,B) Female,A) Cameroonian,D) More than 6 years,8 years,C) Political persecution,B) With family,B) No (If no explain below),A) Yes,A) Yes,B) Neutral,B) Attacks by locals,"Food shortage,  , housing ",Only education that has minimal opportunity ,B) Livelihood programs,There should be more integration  programme for them
1/31/2026 20:00:17,C) 36-45,A) Male,A) Cameroonian,C) 4-6 years,5 years ,C) Political persecution,A) Alone,Refugees have been disappearing and no one knows anything next to their whereabouts. UNHCR has no cl,,A) Yes,A) Friendly,A) Harassment by security forces,"No security concerns. Rather, the presence of Cameroonian refugees across several locations in Nigeria is a blessing to those communities with lots of infrastructure development carried out by the UNHCR. ",There are no known opportunities with regards to the aforementioned thematic areas. The system is stiffening. ,B) Livelihood programs,Create more jobs for Nigerian youths while loosing the policy barriers which hinder proper economic integration for Cameroonian refugees. 
2/1/2026 5:36:25,C) 36-45,A) Male,A) Cameroonian,D) More than 6 years,,A) Conflict/Insecurity,A) Alone,To many experiences of bandits make me and my family leave in fear,A) Yes,A) Yes,A) Friendly,A blend of all three above,,Opportunities are very scanty and mostly not skilled-base,A) More security presence,More common meetings and discussions on integfration matters
2/1/2026 15:04:21,B) 26-35,A) Male,B) Nigerian,,Over 6 years,,,A) Yes,A) Yes,A) Yes,A) Friendly,A) Harassment by security forces,Land tussle for farming,A) Yes,B) Livelihood programs,More livelihood programs for better integration.
2/2/2026 8:55:12,C) 36-45,A) Male,A) Cameroonian,D) More than 6 years,,A) Conflict/Insecurity,B) With family,Fear of retribution,A) Yes,A) Yes,B) Neutral,A) Harassment by security forces,,A) Yes,B) Livelihood programs,Provide sustainable livelihood programs for both communities
2/2/2026 9:45:31,B) 26-35,B) Female,A) Cameroonian,D) More than 6 years,,A) Conflict/Insecurity,B) With family,B) No (If no explain below),A) Yes,A) Yes,A) Friendly,B) Attacks by locals,,A) Yes,A) More security presence,Sensitization 
2/2/2026 17:13:31,D) 46-60,A) Male,A) Cameroonian,D) More than 6 years,,A) Conflict/Insecurity,B) With family,"Faced a lot of problems with SEMA,my hand was dislocated at the shoulder till now I can't use the hand for long",A) Yes,A) Yes,C) Tense,B) Attacks by locals,,A) Yes,C) Community sensitization,Let the government sensitise her community 
2/2/2026 17:26:29,A) 18-25,B) Female,A) Cameroonian,C) 4-6 years,,A) Conflict/Insecurity,B) With family,B) No (If no explain below),A) Yes,B) No,C) Tense,C) Economic exploitation,,A) Yes,B) Livelihood programs,No recommendations 
2/2/2026 18:08:00,A) 18-25,B) Female,A) Cameroonian,D) More than 6 years,,E) Other (please specify),B) With family,A) Yes,B) NO,A) Yes,A) Friendly,B) Attacks by locals,,A) Yes,B) Livelihood programs,"Yes i think the Nigerians should treat the refugees like their own brothers and such as if they is any refugees that is ready to do farm work, the host community should alteast give he/She a portion to cultivate. Thank you "
2/2/2026 20:15:43,D) 46-60,A) Male,B) Nigerian,,Not living in the community ,,,,,A) Yes,B) Neutral,A) Harassment by security forces,,A) Yes,C) Community sensitization,None
2/4/2026 15:57:52,C) 36-45,A) Male,A) Cameroonian,D) More than 6 years,,C) Political persecution,B) With family,A) Yes,A) Yes,A) Yes,A) Friendly,C) Economic exploitation,,A) Yes,B) Livelihood programs,Nothing for now
2/5/2026 7:25:26,A) 18-25,B) Female,A) Cameroonian,D) More than 6 years,,A) Conflict/Insecurity,B) With family,A) Yes,B) NO,A) Yes,A) Friendly,A) Harassment by security forces,,A) Yes,B) Livelihood programs,They should always welcome cameroonian  like their own brothers and sisters 
2/5/2026 19:46:01,B) 26-35,A) Male,A) Cameroonian,D) More than 6 years,,A) Conflict/Insecurity,B) With family,Living conditions here is not good as compare back in my country ck in ,A) Yes,A) Yes,C) Tense,C) Economic exploitation,,A) Yes,B) Livelihood programs,Government should allow refugees work in their institution as Nigerian with a salary pay this will improve the relationship and a strong one 
2/5/2026 19:57:24,A) 18-25,B) Female,A) Cameroonian,D) More than 6 years,,A) Conflict/Insecurity,B) With family,"because of difficulties , hardship, and other insecurity in the  location ",A) Yes,A) Yes,C) Tense,C) Economic exploitation,,A) Yes,B) Livelihood programs,the government should employ both Nigerians and refugees to work in their institution and industry 
2/5/2026 20:45:57,B) 26-35,B) Female,A) Cameroonian,C) 4-6 years,,A) Conflict/Insecurity,B) With family,A) Yes,A) Yes,A) Yes,C) Tense,C) Economic exploitation,,A) Yes,B) Livelihood programs,Create job opportunities for refugees and Nigerians 
2/5/2026 21:00:40,C) 36-45,A) Male,A) Cameroonian,D) More than 6 years,,A) Conflict/Insecurity,B) With family,no security ,A) Yes,A) Yes,A) Friendly,A) Harassment by security forces,,A) Yes,B) Livelihood programs,improve on hospitals  and jobs opportunities for both Nigerians and refugees 
2/5/2026 21:07:21,B) 26-35,B) Female,A) Cameroonian,D) More than 6 years,,A) Conflict/Insecurity,B) With family,Lack of  security ,A) Yes,A) Yes,A) Friendly,A) Harassment by security forces,,A) Yes,B) Livelihood programs, Allow jobs opportunities for both Nigerians and refugees 
2/5/2026 21:17:41,E) 60+,A) Male,A) Cameroonian,D) More than 6 years,,A) Conflict/Insecurity,B) With family,A) Yes,A) Yes,A) Yes,C) Tense,C) Economic exploitation,,A) Yes,B) Livelihood programs,Create livelihood to both Nigerians and refugees 
2/5/2026 21:38:30,A) 18-25,B) Female,A) Cameroonian,D) More than 6 years,,A) Conflict/Insecurity,B) With family,no security ,A) Yes,A) Yes,A) Friendly,C) Economic exploitation,,A) Yes,B) Livelihood programs,create job opportunities and bring livelihood 
2/5/2026 21:41:47,A) 18-25,A) Male,A) Cameroonian,D) More than 6 years,,B) Economic hardship,B) With family,Lack of security ,A) Yes,A) Yes,C) Tense,C) Economic exploitation,,A) Yes,B) Livelihood programs,Improve in livelihood to both Nigerians and refugees 
2/5/2026 21:49:35,C) 36-45,B) Female,A) Cameroonian,D) More than 6 years,,A) Conflict/Insecurity,B) With family,A) Yes,B) NO,B) No,B) Neutral,C) Economic exploitation,,A) Yes,B) Livelihood programs,More sensitisation 
2/5/2026 22:06:56,A) 18-25,B) Female,A) Cameroonian,D) More than 6 years,,A) Conflict/Insecurity,B) With family,Black of security ,A) Yes,A) Yes,A) Friendly,A) Harassment by security forces,,A) Yes,B) Livelihood programs,improve livelihood both Nigerians and refugees 
2/6/2026 12:01:39,B) 26-35,B) Female,A) Cameroonian,D) More than 6 years,,A) Conflict/Insecurity,B) With family, black insecurity and fare of death ,A) Yes,A) Yes,B) Neutral,"Harassment by security forces, Attacks by locals and Economic exploration ",,A) Yes,B) Livelihood programs,improve livelihood skills both Nigerians and cameroonia refugees 
2/6/2026 12:06:37,B) 26-35,A) Male,A) Cameroonian,D) More than 6 years,,A) Conflict/Insecurity,B) With family,no security and fear of thief ,A) Yes,A) Yes,B) Neutral,B) Attacks by locals,,A) Yes,B) Livelihood programs,improve livelihood skills both Nigerians and cameroonia refugees 
2/6/2026 12:11:55,D) 46-60,A) Male,A) Cameroonian,D) More than 6 years,,A) Conflict/Insecurity,B) With family,no security and no good living conditions ,A) Yes,A) Yes,B) Neutral,B) Attacks by locals,,A) Yes,B) Livelihood programs,brings livelihood programs for both Nigerians and cameroonia refugees 
2/6/2026 12:42:19,D) 46-60,A) Male,A) Cameroonian,D) More than 6 years,,A) Conflict/Insecurity,B) With family,A) Yes,B) NO,A) Yes,A) Friendly,C) Economic exploitation,,A) Yes,B) Livelihood programs,brings livelihood skills both Nigerians and cameroonia refugees 
2/6/2026 12:54:50,D) 46-60,A) Male,A) Cameroonian,D) More than 6 years,,A) Conflict/Insecurity,B) With family,no security ,A) Yes,A) Yes,B) Neutral,A) Harassment by security forces,,A) Yes,A) More security presence,Government should improve  in livelihood skills for the both Nigerians and cameroonia refugees and improve in security measures to both Nigerians and cameroonia refugees 
2/6/2026 15:43:27,A) 18-25,B) Female,A) Cameroonian,D) More than 6 years,,A) Conflict/Insecurity,B) With family,A) Yes,B) NO,B) No,A) Friendly,C) Economic exploitation,,A) Yes,B) Livelihood programs,No
2/6/2026 16:17:58,D) 46-60,B) Female,A) Cameroonian,D) More than 6 years,,A) Conflict/Insecurity,B) With family,A) Yes,A) Yes,A) Yes,B) Neutral,C) Economic exploitation,,A) Yes,B) Livelihood programs,improve livelihood skills both Nigerians and cameroonia refugees 
2/6/2026 21:21:41,E) 60+,B) Female,A) Cameroonian,D) More than 6 years,,A) Conflict/Insecurity,A) Alone,A) Yes,A) Yes,A) Yes,B) Neutral,A) Harassment by security forces,,A) Yes,B) Livelihood programs,The government should employ both Nigerians and cameroonia refugees to work 
2/6/2026 21:27:24,D) 46-60,B) Female,A) Cameroonian,C) 4-6 years,,A) Conflict/Insecurity,B) With family,A) Yes,A) Yes,A) Yes,A) Friendly,A) Harassment by security forces,,A) Yes,B) Livelihood programs,Government should provide madicial treatment equal for both Nigerians and cameroonia refugees 
2/6/2026 21:30:58,D) 46-60,B) Female,A) Cameroonian,D) More than 6 years,,A) Conflict/Insecurity,A) Alone,A) Yes,A) Yes,A) Yes,A) Friendly,A) Harassment by security forces,,A) Yes,B) Livelihood programs,government should make sure treat refugees equal as Nigerians 
2/6/2026 21:34:56,E) 60+,A) Male,A) Cameroonian,D) More than 6 years,,A) Conflict/Insecurity,B) With family,no security and fear of thief ,A) Yes,A) Yes,B) Neutral,C) Economic exploitation,,A) Yes,B) Livelihood programs,Government should improve livelihood skills both Nigerians and cameroonia refugees 
2/6/2026 21:38:25,B) 26-35,A) Male,A) Cameroonian,C) 4-6 years,,A) Conflict/Insecurity,A) Alone,A) Yes,A) Yes,A) Yes,B) Neutral,C) Economic exploitation,,A) Yes,A) More security presence,government should provide more security for both Nigerians and cameroonia refugees 
2/8/2026 17:14:35,D) 46-60,A) Male,B) Nigerian,,10,,,,B) NO,A) Yes,A) Friendly,,None,A) Yes,C) Community sensitization,Some community boys harass both refugees and host community people and it is not good.
2/8/2026 17:32:43,B) 26-35,A) Male,B) Nigerian,,8 years,,,,,A) Yes,A) Friendly,,None,A) Yes,B) Livelihood programs,Both should treated equally in livelihood and education 
2/8/2026 17:44:48,B) 26-35,B) Female,B) Nigerian,,5 years,,,,,A) Yes,A) Friendly,,There is no security concern ,A) Yes,B) Livelihood programs,I don't have any
2/8/2026 17:53:13,C) 36-45,A) Male,B) Nigerian,,8 years,,,,,A) Yes,A) Friendly,,None,A) Yes,B) Livelihood programs,Organising sporting activities for both.
2/8/2026 17:58:14,A) 18-25,B) Female,B) Nigerian,,8 years,,,,,A) Yes,A) Friendly,,None ,A) Yes,B) Livelihood programs,Constant meeting between refugees leaders and host community leaders.
2/8/2026 18:07:52,D) 46-60,B) Female,B) Nigerian,,8 years,,,,,A) Yes,A) Friendly,,None,A) Yes,B) Livelihood programs,None
2/8/2026 18:16:50,B) 26-35,A) Male,B) Nigerian,,5 years ,,,A) Yes,,A) Yes,A) Friendly,A) Harassment by security forces,,A) Yes,B) Livelihood programs,Bringing programmes that involves both refugees and community 
2/8/2026 18:25:54,D) 46-60,B) Female,B) Nigerian,,8 years,,,,,A) Yes,A) Friendly,,No one,A) Yes,B) Livelihood programs,Nothing 
2/8/2026 18:38:57,B) 26-35,B) Female,B) Nigerian,,6 years,,,,,A) Yes,A) Friendly,,We don't have any challenge ,A) Yes,B) Livelihood programs,Nothing 
2/16/2026 8:43:17,C) 36-45,A) Male,A) Cameroonian,C) 4-6 years,,A) Conflict/Insecurity,A) Alone,A) Yes,B) NO,B) No,A) Friendly,C) Economic exploitation,,A) Yes,B) Livelihood programs,The government should support refugee businesses 
2/16/2026 8:44:47,E) 60+,A) Male,A) Cameroonian,D) More than 6 years,,A) Conflict/Insecurity,A) Alone,A) Yes,B) NO,B) No,A) Friendly,C) Economic exploitation,,A) Yes,B) Livelihood programs,No
2/16/2026 14:42:39,B) 26-35,B) Female,A) Cameroonian,D) More than 6 years,,A) Conflict/Insecurity,B) With family,B) No (If no explain below),A) Yes,A) Yes,B) Neutral,A) Harassment by security forces,Theft ,A) Yes,A) More security presence,I think they should be more friendly with the Nigerians rather than fighting among themselves 
2/16/2026 14:45:33,A) 18-25,B) Female,A) Cameroonian,D) More than 6 years,,A) Conflict/Insecurity,B) With family,B) No (If no explain below),A) Yes,A) Yes,B) Neutral,A) Harassment by security forces,,A) Yes,B) Livelihood programs,No
2/17/2026 7:19:00,A) 18-25,A) Male,A) Cameroonian,C) 4-6 years,,A) Conflict/Insecurity,B) With family,A) Yes,B) NO,A) Yes,B) Neutral,C) Economic exploitation,,A) Yes,B) Livelihood programs,No 
2/17/2026 7:21:58,A) 18-25,B) Female,A) Cameroonian,D) More than 6 years,,A) Conflict/Insecurity,B) With family,B) No (If no explain below),A) Yes,A) Yes,C) Tense,A) Harassment by security forces,,A) Yes,A) More security presence,No
2/17/2026 7:24:05,A) 18-25,A) Male,A) Cameroonian,C) 4-6 years,,A) Conflict/Insecurity,B) With family,B) No (If no explain below),A) Yes,A) Yes,C) Tense,A) Harassment by security forces,,A) Yes,A) More security presence,We need more lively hood
2/17/2026 7:26:34,D) 46-60,A) Male,A) Cameroonian,C) 4-6 years,,A) Conflict/Insecurity,A) Alone,B) No (If no explain below),A) Yes,A) Yes,C) Tense,B) Attacks by locals,,A) Yes,A) More security presence,More economic support 
2/17/2026 7:28:41,C) 36-45,B) Female,A) Cameroonian,C) 4-6 years,,A) Conflict/Insecurity,B) With family,A) Yes,A) Yes,A) Yes,C) Tense,A) Harassment by security forces,,A) Yes,A) More security presence,We need economy support 
2/17/2026 7:32:41,C) 36-45,A) Male,A) Cameroonian,C) 4-6 years,,A) Conflict/Insecurity,B) With family,B) No (If no explain below),A) Yes,A) Yes,B) Neutral,B) Attacks by locals,,A) Yes,A) More security presence,More economic support 
2/17/2026 8:10:52,D) 46-60,B) Female,A) Cameroonian,C) 4-6 years,,C) Political persecution,A) Alone,because of insecurity ,A) Yes,A) Yes,B) Neutral,C) Economic exploitation,, because of the Financial constraints ,A) More security presence, resettle the  refugees and provide livelihood skills both Nigerians and refugees 
2/17/2026 8:50:55,A) 18-25,B) Female,A) Cameroonian,D) More than 6 years,,A) Conflict/Insecurity,B) With family,A) Yes,B) NO,B) No,B) Neutral,C) Economic exploitation,,A) Yes,B) Livelihood programs,Collaborative livelihoods programs where both refugees and locals can work together e.g farming cooperatives and vocational training.
2/17/2026 8:52:26,A) 18-25,A) Male,A) Cameroonian,D) More than 6 years,8yrs,A) Conflict/Insecurity,B) With family,B) No (If no explain below),A) Yes,A) Yes,A) Friendly,A) Harassment by security forces,,B) NO (If No select Other and explain),B) Livelihood programs,"yes, 
as it stands they is no security in the settlement so they is an open entering in the settlement so host communities are intimidating refugees so if they is a sensitization in the settlement and host community  "
2/17/2026 8:55:59,B) 26-35,B) Female,A) Cameroonian,D) More than 6 years,,A) Conflict/Insecurity,B) With family,I don't feel safe because the host community have always been a threat to me in this settlement ,A) Yes,A) Yes,B) Neutral,B) Attacks by locals,,A) Yes,A) More security presence,No I don't 
2/17/2026 9:11:11,B) 26-35,A) Male,A) Cameroonian,D) More than 6 years,,A) Conflict/Insecurity,B) With family,A) Yes,A) Yes,B) No,A) Friendly,A) Harassment by security forces,,A) Yes,B) Livelihood programs,"We need more of livelihood programs, Community sensitization to both refugees host community and Nigeria forces so they can stop harassing refugees. This has cause many refugee to start getting Nigeria national in other to stop harassment. And a situation whereby Cameroonian refugees can use their Cameroon certificates to work in Nigeria."
2/17/2026 9:12:01,A) 18-25,B) Female,A) Cameroonian,C) 4-6 years,,A) Conflict/Insecurity,A) Alone,insecurity and living conditions of the current location ,A) Yes,A) Yes,B) Neutral,C) Economic exploitation,,A) Yes,B) Livelihood programs,improve livelihood skills both Nigerians and cameroonia refugees 
2/17/2026 9:13:33,A) 18-25,A) Male,A) Cameroonian,D) More than 6 years,,A) Conflict/Insecurity,B) With family,B) No (If no explain below),A) Yes,A) Yes,B) Neutral,A) Harassment by security forces,,A) Yes,B) Livelihood programs,No
2/17/2026 9:18:21,A) 18-25,A) Male,A) Cameroonian,C) 4-6 years,,A) Conflict/Insecurity,A) Alone,A) Yes,A) Yes,B) No,A) Friendly,B) Attacks by locals,,A) Yes,B) Livelihood programs,Constant collaboration 
2/17/2026 9:21:36,C) 36-45,B) Female,A) Cameroonian,D) More than 6 years,,A) Conflict/Insecurity,B) With family,insecurity and living conditions of the current location ,A) Yes,A) Yes,B) Neutral,C) Economic exploitation,,A) Yes,A) More security presence, solve cameroonia problems to improve the relationship both Nigerians and cameroonia refugees 
2/17/2026 9:33:15,D) 46-60,B) Female,A) Cameroonian,D) More than 6 years,,A) Conflict/Insecurity,B) With family,insecurity and living conditions of the current location ,A) Yes,A) Yes,B) Neutral,C) Economic exploitation,,A) Yes,B) Livelihood programs,improve the living conditions to both Nigerians and cameroonia refugees 
2/17/2026 9:40:26,A) 18-25,A) Male,A) Cameroonian,D) More than 6 years,,A) Conflict/Insecurity,B) With family,A) Yes,A) Yes,A) Yes,B) Neutral,C) Economic exploitation,,A) Yes,A) More security presence,Government should employ both Nigerians and cameroonia refugees and improve livelihood skills both Nigerians and cameroonia refugees 
2/17/2026 9:46:40,B) 26-35,A) Male,A) Cameroonian,D) More than 6 years,,A) Conflict/Insecurity,B) With family,insecurity in the current location ,A) Yes,A) Yes,B) Neutral,C) Economic exploitation,,A) Yes,A) More security presence, they should treat refugees equal as Nigerians 
2/17/2026 10:11:14,A) 18-25,B) Female,A) Cameroonian,D) More than 6 years,,A) Conflict/Insecurity,B) With family,A) Yes,B) NO,A) Yes,B) Neutral,B) Attacks by locals,,A) Yes,B) Livelihood programs,"Empowerment of youth, mother, and father, taking care of sick one's, Job opportunities "
2/17/2026 10:22:57,B) 26-35,A) Male,A) Cameroonian,D) More than 6 years,Since 2017 ,A) Conflict/Insecurity,B) With family,A) Yes,B) NO,B) No,A) Friendly,A) Harassment by security forces,"Police, immigration and army molestation ",B) NO (If No select Other and explain),A) More security presence,The security forces in Nigeria should be advised to allow camerooians refugees move freely 
2/17/2026 11:44:26,A) 18-25,B) Female,A) Cameroonian,D) More than 6 years,,A) Conflict/Insecurity,B) With family,A) Yes,B) NO,A) Yes,A) Friendly,A) Harassment by security forces,,A) Yes,C) Community sensitization,No
2/17/2026 17:10:47,B) 26-35,A) Male,A) Cameroonian,D) More than 6 years,9,A) Conflict/Insecurity,A) Alone,B) No (If no explain below),A) Yes,A) Yes,A) Friendly,B) Attacks by locals,,A) Yes,B) Livelihood programs,Sensitization and awareness 
2/17/2026 20:02:10,A) 18-25,B) Female,A) Cameroonian,D) More than 6 years,,B) Economic hardship,B) With family,insecurity and no good living conditions ,A) Yes,A) Yes,A) Friendly,A) Harassment by security forces,,A) Yes,A) More security presence,it should equal treat refugees as Nigerian and help to improve livelihood skills both Nigerians and cameroonia refugees 
2/17/2026 20:44:13,B) 26-35,B) Female,A) Cameroonian,D) More than 6 years,,A) Conflict/Insecurity,B) With family,insecurity and living conditions ,A) Yes,A) Yes,B) Neutral,C) Economic exploitation,,A) Yes,B) Livelihood programs,improve on security measures and improve livelihood skills both Nigerians and cameroonia refugees 
2/17/2026 20:52:54,D) 46-60,A) Male,A) Cameroonian,D) More than 6 years,,A) Conflict/Insecurity,B) With family,insecurity and health conditions ,B) NO,B) No,A) Friendly,A) Harassment by security forces,,A) Yes,B) Livelihood programs,improve livelihood skills to both Nigerians and cameroonia refugees 
2/18/2026 7:59:44,B) 26-35,A) Male,A) Cameroonian,D) More than 6 years,,E) Other (please specify),B) With family,A) Yes,B) NO,B) No,A) Friendly,B) Attacks by locals,,A) Yes,B) Livelihood programs,None
2/18/2026 8:35:28,A) 18-25,B) Female,A) Cameroonian,B) 1-3 years,,A) Conflict/Insecurity,B) With family,B) No (If no explain below),A) Yes,A) Yes,B) Neutral,B) Attacks by locals,,A) Yes,A) More security presence,Economic support 
2/18/2026 8:36:44,A) 18-25,A) Male,A) Cameroonian,C) 4-6 years,,A) Conflict/Insecurity,A) Alone,A) Yes,A) Yes,A) Yes,C) Tense,B) Attacks by locals,,A) Yes,A) More security presence,Economic support 
2/18/2026 8:37:47,B) 26-35,B) Female,A) Cameroonian,D) More than 6 years,,A) Conflict/Insecurity,A) Alone,B) No (If no explain below),A) Yes,A) Yes,C) Tense,B) Attacks by locals,,A) Yes,A) More security presence,Economic support 
2/18/2026 8:38:52,C) 36-45,B) Female,A) Cameroonian,C) 4-6 years,,A) Conflict/Insecurity,B) With family,A) Yes,A) Yes,A) Yes,C) Tense,A) Harassment by security forces,,A) Yes,A) More security presence,Economic support 
2/18/2026 8:39:40,D) 46-60,A) Male,A) Cameroonian,C) 4-6 years,,A) Conflict/Insecurity,A) Alone,A) Yes,A) Yes,A) Yes,C) Tense,A) Harassment by security forces,,A) Yes,A) More security presence,Economic support 
2/18/2026 8:53:45,A) 18-25,A) Male,A) Cameroonian,D) More than 6 years,,A) Conflict/Insecurity,B) With family,Community crisis from some of the host community youths at times ,A) Yes,A) Yes,A) Friendly,C) Economic exploitation,,A) Yes,B) Livelihood programs,Sensitization Should be made
2/19/2026 19:31:09,C) 36-45,B) Female,A) Cameroonian,C) 4-6 years,,A) Conflict/Insecurity,B) With family,B) No (If no explain below),A) Yes,A) Yes,B) Neutral,A) Harassment by security forces,,A) Yes,A) More security presence,Economic support 
2/19/2026 19:33:37,C) 36-45,B) Female,A) Cameroonian,C) 4-6 years,,A) Conflict/Insecurity,A) Alone,B) No (If no explain below),A) Yes,A) Yes,B) Neutral,B) Attacks by locals,,B) NO (If No select Other and explain),A) More security presence,Economic support 
2/19/2026 19:35:20,D) 46-60,B) Female,A) Cameroonian,C) 4-6 years,,A) Conflict/Insecurity,A) Alone,B) No (If no explain below),A) Yes,A) Yes,C) Tense,B) Attacks by locals,,B) NO (If No select Other and explain),A) More security presence,Economic support 
2/19/2026 19:37:24,A) 18-25,A) Male,A) Cameroonian,B) 1-3 years,,A) Conflict/Insecurity,A) Alone,A) Yes,A) Yes,A) Yes,A) Friendly,A) Harassment by security forces,,A) Yes,A) More security presence,Economic support 
2/20/2026 14:42:06,B) 26-35,B) Female,A) Cameroonian,C) 4-6 years,,A) Conflict/Insecurity,B) With family,B) No (If no explain below),A) Yes,A) Yes,B) Neutral,B) Attacks by locals,,A) Yes,A) More security presence,Creation of small vigilante groups in both communities and refugee settlements. 
2/20/2026 21:14:00,E) 60+,B) Female,A) Cameroonian,D) More than 6 years,,A) Conflict/Insecurity,B) With family,Insecurity and no good living conditions ,A) Yes,A) Yes,B) Neutral,A) Harassment by security forces,,A) Yes,A) More security presence,Improve on security measures both Nigerians and cameroonia refugees 
2/20/2026 21:15:30,D) 46-60,B) Female,A) Cameroonian,C) 4-6 years,,A) Conflict/Insecurity,B) With family,A) Yes,A) Yes,A) Yes,A) Friendly,A) Harassment by security forces,,A) Yes,B) Livelihood programs,improve on security measures to both Nigerians and cameroonia refugees 
2/20/2026 21:17:29,C) 36-45,A) Male,A) Cameroonian,C) 4-6 years,,A) Conflict/Insecurity,A) Alone,insecurity and no good living conditions ,A) Yes,A) Yes,B) Neutral,C) Economic exploitation,,A) Yes,B) Livelihood programs,improve on security measures and improve livelihood skills both Nigerians and cameroonia refugees 
2/20/2026 21:19:26,B) 26-35,B) Female,A) Cameroonian,B) 1-3 years,,A) Conflict/Insecurity,A) Alone,no good living conditions ,A) Yes,A) Yes,B) Neutral,A) Harassment by security forces,,A) Yes,B) Livelihood programs,the government should employ both Nigerians and cameroonia refugees and improve livelihood and security measures to both Nigerians and cameroonia y
2/20/2026 21:36:37,E) 60+,B) Female,A) Cameroonian,D) More than 6 years,,A) Conflict/Insecurity,B) With family,no good health conditions and insecurity ,A) Yes,A) Yes,B) Neutral,C) Economic exploitation,,A) Yes,A) More security presence,"the government should improve livelihood skills, good health conditions and insecurity to both Nigerians and cameroonia refugees "
2/20/2026 21:39:28,C) 36-45,A) Male,A) Cameroonian,B) 1-3 years,,A) Conflict/Insecurity,A) Alone,A) Yes,A) Yes,A) Yes,A) Friendly,A) Harassment by security forces,,A) Yes,A) More security presence,Government should make sure they is a enough security to both Nigerians and cameroonia refugees 
2/20/2026 21:41:27,D) 46-60,B) Female,A) Cameroonian,D) More than 6 years,,A) Conflict/Insecurity,B) With family,A) Yes,A) Yes,A) Yes,B) Neutral,A) Harassment by security forces,,A) Yes,A) More security presence,the government should improve on security measures to both Nigerians and cameroonia refugees 
2/20/2026 21:45:06,B) 26-35,B) Female,A) Cameroonian,B) 1-3 years,,A) Conflict/Insecurity,A) Alone,no good living and abound,A) Yes,A) Yes,B) Neutral,B) Attacks by locals,,A) Yes,B) Livelihood programs,Government should improve on security measures both Nigerians and cameroonia 
2/21/2026 0:13:07,A) 18-25,B) Female,A) Cameroonian,C) 4-6 years,,A) Conflict/Insecurity,B) With family,A) Yes,A) Yes,A) Yes,B) Neutral,A) Harassment by security forces,,A) Yes,B) Livelihood programs,"Friendly
"
2/21/2026 1:00:47,A) 18-25,A) Male,A) Cameroonian,C) 4-6 years,,A) Conflict/Insecurity,A) Alone,A) Yes,A) Yes,A) Yes,A) Friendly,A) Harassment by security forces,,A) Yes,C) Community sensitization,Cool 
2/21/2026 1:02:50,B) 26-35,B) Female,B) Nigerian,,,,,A) Yes,B) NO,B) No,A) Friendly,C) Economic exploitation,Violent ,A) Yes,A) More security presence,Friendly 
2/21/2026 1:05:01,A) 18-25,B) Female,A) Cameroonian,B) 1-3 years,,A) Conflict/Insecurity,A) Alone,A) Yes,B) NO,B) No,A) Friendly,C) Economic exploitation,,A) Yes,A) More security presence,Happily 
2/21/2026 6:54:58,A) 18-25,A) Male,A) Cameroonian,A) Less than 1 year,,A) Conflict/Insecurity,A) Alone,A) Yes,A) Yes,A) Yes,C) Tense,A) Harassment by security forces,,A) Yes,A) More security presence,Economic support 
2/21/2026 6:58:54,A) 18-25,A) Male,A) Cameroonian,B) 1-3 years,,A) Conflict/Insecurity,A) Alone,B) No (If no explain below),A) Yes,A) Yes,B) Neutral,B) Attacks by locals,,A) Yes,A) More security presence,Economic support 
2/21/2026 7:17:52,B) 26-35,A) Male,A) Cameroonian,A) Less than 1 year,,A) Conflict/Insecurity,A) Alone,A) Yes,A) Yes,A) Yes,B) Neutral,B) Attacks by locals,,B) NO (If No select Other and explain),A) More security presence,Economic support 
2/21/2026 18:50:07,B) 26-35,A) Male,A) Cameroonian,D) More than 6 years,,A) Conflict/Insecurity,B) With family,insecurity and no good living conditions ,A) Yes,A) Yes,B) Neutral,A) Harassment by security forces,,B) NO (If No select Other and explain),A) More security presence,the government should improve on security measures to both Nigerians and cameroonia refugees 
2/21/2026 19:36:10,D) 46-60,B) Female,A) Cameroonian,D) More than 6 years,,A) Conflict/Insecurity,B) With family,insecurity and no good health and living conditions ,A) Yes,A) Yes,B) Neutral,C) Economic exploitation,,A) Yes,A) More security presence,improve on security measures and improve livelihood skills both Nigerians and cameroonia refugees 
2/21/2026 19:38:02,D) 46-60,A) Male,A) Cameroonian,C) 4-6 years,,A) Conflict/Insecurity,A) Alone,A) Yes,A) Yes,A) Yes,B) Neutral,A) Harassment by security forces,,A) Yes,A) More security presence,the government should improve on security and good health conditions 
2/21/2026 19:41:26,B) 26-35,B) Female,A) Cameroonian,D) More than 6 years,,A) Conflict/Insecurity,B) With family,insecurity and no good living conditions ,A) Yes,A) Yes,B) Neutral,A) Harassment by security forces,,A) Yes,B) Livelihood programs,the government should improve on security measures to insure the safety of the  people 
2/21/2026 19:43:39,E) 60+,A) Male,A) Cameroonian,D) More than 6 years,,A) Conflict/Insecurity,B) With family,insecurity and no good health and living conditions ,A) Yes,A) Yes,B) Neutral,C) Economic exploitation,,A) Yes,A) More security presence,the government should create job opportunities for both Nigerians and cameroonia refugees 
2/23/2026 21:09:12,D) 46-60,A) Male,A) Cameroonian,D) More than 6 years,,A) Conflict/Insecurity,B) With family,insecurity and no good living conditions ,A) Yes,A) Yes,B) Neutral,C) Economic exploitation,,A) Yes,B) Livelihood programs,the government should improve on security measures and improve livelihood skills to both Nigerians and cameroonia refugees 
2/23/2026 21:11:21,D) 46-60,B) Female,A) Cameroonian,D) More than 6 years,,A) Conflict/Insecurity,B) With family,insecurity ,A) Yes,A) Yes,B) Neutral,A) Harassment by security forces,,A) Yes,B) Livelihood programs,they should be improve on security measures to both Nigerians and cameroonia refugees 
2/24/2026 15:53:28,D) 46-60,A) Male,B) Nigerian,,54,,,,,A) Yes,A) Friendly,,None,A) Yes,B) Livelihood programs,Livelihood is very important 
2/24/2026 15:58:27,E) 60+,A) Male,B) Nigerian,,60 years,,,,,A) Yes,A) Friendly,,Shortage of farm lands,A) Yes,B) Livelihood programs,More livelihood 
2/24/2026 16:03:11,D) 46-60,A) Male,B) Nigerian,,8 years ,,,,,A) Yes,A) Friendly,,Food prices ,A) Yes,B) Livelihood programs,We need more support 
2/24/2026 16:05:10,E) 60+,B) Female,B) Nigerian,,8 years,,,,,A) Yes,A) Friendly,,None,A) Yes,C) Community sensitization,No 
2/25/2026 13:16:47,C) 36-45,A) Male,A) Cameroonian,D) More than 6 years,,A) Conflict/Insecurity,B) With family,A) Yes,A) Yes,A) Yes,A) Friendly,A) Harassment by security forces,,A) Yes,A) More security presence,they should be improve on security measures to both Nigerians and cameroonia refugees 
2/25/2026 13:18:28,D) 46-60,B) Female,A) Cameroonian,C) 4-6 years,,A) Conflict/Insecurity,B) With family,Insecurity and no good living conditions ,A) Yes,A) Yes,B) Neutral,C) Economic exploitation,,A) Yes,B) Livelihood programs,the government should improve on security measures and livelihood skills both Nigerians and cameroonia refugees 
2/25/2026 13:20:27,D) 46-60,A) Male,A) Cameroonian,D) More than 6 years,,A) Conflict/Insecurity,B) With family,insecurity and no good living conditions ,A) Yes,A) Yes,B) Neutral,C) Economic exploitation,,A) Yes,A) More security presence,they should be an on security measures to both Nigerians and cameroonia refugees 
2/25/2026 13:22:32,C) 36-45,A) Male,A) Cameroonian,B) 1-3 years,,A) Conflict/Insecurity,A) Alone,A) Yes,A) Yes,A) Yes,A) Friendly,C) Economic exploitation,,A) Yes,A) More security presence,Athe government should improve on security measures to both Nigerians and y
2/25/2026 21:53:30,B) 26-35,A) Male,A) Cameroonian,D) More than 6 years,,A) Conflict/Insecurity,A) Alone,A) Yes,A) Yes,A) Yes,B) Neutral,A) Harassment by security forces,,A) Yes,B) Livelihood programs,Improve livelihood skills and security measures to both Nigerians and cameroonia refugees 
2/25/2026 21:55:30,E) 60+,B) Female,A) Cameroonian,D) More than 6 years,,A) Conflict/Insecurity,B) With family,insecurity and no good living conditions ,A) Yes,A) Yes,B) Neutral,A) Harassment by security forces,,A) Yes,B) Livelihood programs,the government should improve on y accept to both Nigerians and cameroonia refugees 
2/25/2026 21:59:52,E) 60+,A) Male,A) Cameroonian,D) More than 6 years,,A) Conflict/Insecurity,B) With family, bad living conditions insecurity ,A) Yes,A) Yes,B) Neutral,A) Harassment by security forces,, No good living conditions and insecurity ,B) Livelihood programs,the government should improve on security measures to both Nigerians and cameroonia refugees 
2/25/2026 22:02:32,D) 46-60,B) Female,A) Cameroonian,D) More than 6 years,,A) Conflict/Insecurity,B) With family,A) Yes,A) Yes,A) Yes,B) Neutral,C) Economic exploitation,,no good living conditions and 5,B) Livelihood programs,the government should improve on security 
2/25/2026 22:06:20,E) 60+,A) Male,A) Cameroonian,D) More than 6 years,,A) Conflict/Insecurity,B) With family,no good living conditions and insecurity ,A) Yes,A) Yes,A) Friendly,C) Economic exploitation,,A) Yes,A) More security presence,improve in security and cameroonia refugees 
2/26/2026 11:18:43,D) 46-60,A) Male,A) Cameroonian,C) 4-6 years,,C) Political persecution,B) With family,A) Yes,A) Yes,A) Yes,A) Friendly,C) Economic exploitation,,A) Yes,B) Livelihood programs,No
2/26/2026 11:20:50,D) 46-60,A) Male,B) Nigerian,,9 years ,,,,,A) Yes,A) Friendly,,Theft,A) Yes,B) Livelihood programs,Government support needed.
2/26/2026 11:26:54,D) 46-60,B) Female,B) Nigerian,,,,,,,A) Yes,B) Neutral,,Nothing ,A) Yes,B) Livelihood programs,None
2/26/2026 11:30:10,D) 46-60,A) Male,B) Nigerian,,9 years ,,,,,A) Yes,A) Friendly,C) Economic exploitation,Hunger,A) Yes,B) Livelihood programs,The government needs to come.in especially as humanitarian organisations have reduced  funding to refugees 
2/26/2026 11:32:13,E) 60+,A) Male,B) Nigerian,,8 years ,,,,,A) Yes,A) Friendly,C) Economic exploitation,Hunger,A) Yes,B) Livelihood programs,No
2/26/2026 11:35:35,E) 60+,A) Male,B) Nigerian,,8 years ,,,,A) Yes,A) Yes,A) Friendly,,No one,A) Yes,A) More security presence,Government need to come assist our coomunjy
2/26/2026 12:20:22,C) 36-45,B) Female,B) Nigerian,,7 years ,,,,,A) Yes,A) Friendly,,I don't know ,A) Yes,B) Livelihood programs,No
2/26/2026 12:23:27,D) 46-60,B) Female,B) Nigerian,,6 years ,,,,,A) Yes,A) Friendly,B) Attacks by locals,Food shortage ,A) Yes,B) Livelihood programs,No
2/26/2026 12:26:01,C) 36-45,B) Female,B) Nigerian,,8 years ,,,,A) Yes,A) Yes,B) Neutral,,I don't know any,A) Yes,B) Livelihood programs,More conflict resolution mechanism 
2/26/2026 12:28:54,B) 26-35,B) Female,B) Nigerian,,8 years ,,,,,A) Yes,B) Neutral,,Most farming land was given to refugees ,A) Yes,B) Livelihood programs,Government should help Nigerian communities hosting refugees 
2/26/2026 22:28:58,B) 26-35,A) Male,A) Cameroonian,C) 4-6 years,,A) Conflict/Insecurity,B) With family,Insecurity and no good living conditions ,A) Yes,A) Yes,B) Neutral,A) Harassment by security forces,,A) Yes,B) Livelihood programs,The government should improve on security measures and livelihood skills both Nigerians and cameroonia refugees 
2/26/2026 22:31:12,C) 36-45,B) Female,A) Cameroonian,D) More than 6 years,,A) Conflict/Insecurity,B) With family,insecurity and no good health and living conditions ,A) Yes,A) Yes,B) Neutral,C) Economic exploitation,,A) Yes,B) Livelihood programs,the should improve on security measures and livelihood skills both Nigerians and cameroonia refugees 
2/26/2026 22:34:07,E) 60+,B) Female,A) Cameroonian,D) More than 6 years,,A) Conflict/Insecurity,B) With family,no cbi and insecurity and no good living conditions ,A) Yes,A) Yes,B) Neutral,C) Economic exploitation,,A) Yes,A) More security presence,Improve on y accept 
2/26/2026 22:37:38,D) 46-60,A) Male,A) Cameroonian,D) More than 6 years,,A) Conflict/Insecurity,B) With family,no good health and living conditions v,A) Yes,A) Yes,B) Neutral,C) Economic exploitation,,A) Yes,B) Livelihood programs,the government should be improve on security measures to 
2/26/2026 22:40:02,B) 26-35,A) Male,A) Cameroonian,D) More than 6 years,,A) Conflict/Insecurity,B) With family,B) No (If no explain below),A) Yes,A) Yes,B) Neutral,C) Economic exploitation,,A) Yes,A) More security presence,They should improve on security measures to both Nigerians and 
2/27/2026 15:47:31,D) 46-60,A) Male,B) Nigerian,,8years,,,,,A) Yes,A) Friendly,,Hunger,A) Yes,C) Community sensitization,The government need to come in now that UN has withdrawn  Assistance 
2/27/2026 15:50:11,C) 36-45,B) Female,B) Nigerian,,8 years,,,,,A) Yes,A) Friendly,C) Economic exploitation,I don't know any,A) Yes,B) Livelihood programs,Government support in the form of livelihood to refugees and host communities is highly needed
2/27/2026 15:52:01,B) 26-35,B) Female,B) Nigerian,,7 years ,,,,,A) Yes,A) Friendly,C) Economic exploitation,Food security ,A) Yes,B) Livelihood programs,No
2/27/2026 15:54:45,D) 46-60,B) Female,B) Nigerian,,9 years ,,,,,A) Yes,A) Friendly,Harassment by immigration officials ,None,A) Yes,B) Livelihood programs,No
2/27/2026 15:57:46,D) 46-60,A) Male,B) Nigerian,,8 years,,,,,A) Yes,A) Friendly,C) Economic exploitation, I think it is food security ,A) Yes,B) Livelihood programs,The government needs to assist both the refugees and host communities because they are affected by the current economic challenges 
2/27/2026 16:00:18,C) 36-45,B) Female,B) Nigerian,,8 years,,,,,A) Yes,A) Friendly,,Lack of jobs,A) Yes,C) Community sensitization,No
2/27/2026 16:02:06,D) 46-60,B) Female,B) Nigerian,,More than 9 years,,,,,A) Yes,A) Friendly,,I don't know ,A) Yes,C) Community sensitization,No
2/27/2026 16:04:06,D) 46-60,A) Male,B) Nigerian,,9 years ,,,,,A) Yes,A) Friendly,,I think job opportunities ,A) Yes,B) Livelihood programs,I already answered above
3/2/2026 8:52:51,D) 46-60,B) Female,B) Nigerian,,8years ,,,,,A) Yes,A) Friendly,C) Economic exploitation,None,A) Yes,B) Livelihood programs,Joint livelihood projects for refugees and host communities will improve relationships and security.
3/2/2026 8:54:31,E) 60+,A) Male,B) Nigerian,,8years ,,,A) Yes,,A) Yes,A) Friendly,,Hunger,A) Yes,C) Community sensitization,No
3/2/2026 8:57:37,E) 60+,A) Male,B) Nigerian,,I was born here.,,,A) Yes,,A) Yes,A) Friendly,C) Economic exploitation,Unemployment ,A) Yes,A) More security presence,The police post build by UN should be occupied by police to improve security for all.
3/2/2026 8:59:02,D) 46-60,B) Female,B) Nigerian,,8 years,,,A) Yes,,A) Yes,A) Friendly,,None that I know,A) Yes,C) Community sensitization,No
3/2/2026 9:01:09,B) 26-35,A) Male,B) Nigerian,,6 years ,,A) Alone,A) Yes,,A) Yes,A) Friendly,A) Harassment by security forces,No jobs,A) Yes,C) Community sensitization,No
3/2/2026 9:02:38,E) 60+,A) Male,B) Nigerian,,7 years,,,,,A) Yes,A) Friendly,,None,A) Yes,B) Livelihood programs,No
3/2/2026 9:04:35,E) 60+,B) Female,B) Nigerian,,8 years ,,,A) Yes,,A) Yes,A) Friendly,,Shortage of farm land ,A) Yes,B) Livelihood programs,No
3/2/2026 9:07:10,C) 36-45,B) Female,B) Nigerian,,7 years ,,,A) Yes,,A) Yes,B) Neutral,,Hunger,A) Yes,B) Livelihood programs,The should empower both host communities and refugees equally 
3/2/2026 9:27:47,E) 60+,A) Male,B) Nigerian,,8 years ,,,,,A) Yes,B) Neutral,,I don't know ,A) Yes,A) More security presence,Nothing 
3/2/2026 9:29:59,D) 46-60,A) Male,B) Nigerian,,9 years,,,A) Yes,,A) Yes,A) Friendly,A) Harassment by security forces,Lack of farm land since much was given to host refugees ,A) Yes,B) Livelihood programs,No
3/2/2026 9:31:19,D) 46-60,B) Female,B) Nigerian,,7 years ,,,A) Yes,,A) Yes,A) Friendly,,Nothing ,A) Yes,B) Livelihood programs,No
3/2/2026 9:32:41,C) 36-45,A) Male,B) Nigerian,,8 years ,,,A) Yes,,A) Yes,A) Friendly,C) Economic exploitation,Hunger ,A) Yes,B) Livelihood programs,No
3/2/2026 9:35:28,B) 26-35,B) Female,B) Nigerian,,8 years ,,,A) Yes,,A) Yes,A) Friendly,,Hunger ,They can work but not all jobs,B) Livelihood programs,I have said all
3/2/2026 9:37:07,C) 36-45,A) Male,B) Nigerian,,8 years ,,,,,A) Yes,A) Friendly,,I don't know ,A) Yes,B) Livelihood programs,No
3/2/2026 10:02:28,E) 60+,A) Male,B) Nigerian,,8 years ,,,A) Yes,,A) Yes,A) Friendly,,Crime,A) Yes,B) Livelihood programs,No
3/2/2026 10:04:39,E) 60+,A) Male,B) Nigerian,,8 years ,,,A) Yes,,A) Yes,A) Friendly,,Hunger,A) Yes,A) More security presence,No
3/2/2026 10:06:07,C) 36-45,B) Female,B) Nigerian,,8 years ,,,A) Yes,,A) Yes,A) Friendly,,Nothing ,A) Yes,A) More security presence,No
3/2/2026 10:07:47,D) 46-60,B) Female,B) Nigerian,,8 years ,,,A) Yes,,A) Yes,A) Friendly,B) Attacks by locals,I don't know any,A) Yes,C) Community sensitization,No
3/2/2026 13:05:59,C) 36-45,A) Male,B) Nigerian,,8 years ,,,,,B) No,A) Friendly,A) Harassment by security forces,Lack of work,A) Yes,B) Livelihood programs,No
3/2/2026 13:07:28,E) 60+,B) Female,B) Nigerian,,8 years,,,,,B) No,A) Friendly,,Nothing ,A) Yes,B) Livelihood programs,No
3/4/2026 12:02:17,C) 36-45,A) Male,B) Nigerian,,8 years ,,,,,A) Yes,B) Neutral,,Hunger,A) Yes,B) Livelihood programs,No
3/4/2026 12:04:20,D) 46-60,A) Male,B) Nigerian,,9 years ,,,,,A) Yes,A) Friendly,,Nothing ,A) Yes,B) Livelihood programs,Government need to support communities hosting the refugees 
3/4/2026 12:06:10,C) 36-45,B) Female,B) Nigerian,,Before they came,,,,,A) Yes,B) Neutral,,Crime,A) Yes,C) Community sensitization,No
3/4/2026 12:07:52,B) 26-35,A) Male,B) Nigerian,,9 years ,,,,,A) Yes,A) Friendly,,Hunger,A) Yes,B) Livelihood programs,Nothing 
3/4/2026 12:10:19,B) 26-35,A) Male,B) Nigerian,,8 years ,,,,,A) Yes,B) Neutral,,Hunger,A) Yes,B) Livelihood programs,Government needs to support host communities because their farm land was given to refugees for settlement.
3/4/2026 12:12:25,B) 26-35,A) Male,B) Nigerian,,9 years ,,,,,A) Yes,A) Friendly,,Nothing ,A) Yes,A) More security presence,No
